"sample"	"nCount_RNA_total"	"nFeature_RNA_total"	"nCount_ATAC_total"	"nFeature_ATAC_total"	"percent.mt_total"	"RNA_snn_res_total"	"seurat_clusters_total"	"cell_count"
"PFKO_7"	4716136	2325445	19992069	8421151	802.193152382705	5215	5215	1280
"PFKO_8"	5056292	2551517	20983400	8902132	884.523565633597	6138	6138	1451
"PFWT_5"	4245018	2195732	18328401	7791745	793.848136194476	4509	4509	1219
"PFWT_6"	7030118	3582855	28985934	12287367	1191.31682119187	8155	8155	1967
"PMKO_3"	2902443	1437247	11342108	4890959	511.205499985449	3713	3713	738
"PMKO_4"	2112862	1023302	8400286	3604948	361.085646630848	2346	2346	506
"PMWT_1"	3589016	1812722	14309424	6209419	599.410735510458	5101	5101	987
"PMWT_2"	3782371	1899020	15022179	6483840	643.53976594786	5290	5290	1001
